[{"MapUnitKey":520193,"MapUnitRatingString":"92.0000","MapUnitRatingNumeric":92,"RgbString":"#0000ff"},{"MapUnitKey":520202,"MapUnitRatingString":"92.0000","MapUnitRatingNumeric":92,"RgbString":"#0000ff"},{"MapUnitKey":520210,"MapUnitRatingString":"78.0000","MapUnitRatingNumeric":78,"RgbString":"#4fbbff"},{"MapUnitKey":520231,"MapUnitRatingString":"28.0000","MapUnitRatingNumeric":28,"RgbString":"#c4fa9e"},{"MapUnitKey":520232,"MapUnitRatingString":"28.0000","MapUnitRatingNumeric":28,"RgbString":"#c4fa9e"},{"MapUnitKey":520233,"MapUnitRatingString":"28.0000","MapUnitRatingNumeric":28,"RgbString":"#c4fa9e"},{"MapUnitKey":520238,"MapUnitRatingString":"28.0000","MapUnitRatingNumeric":28,"RgbString":"#c4fa9e"},{"MapUnitKey":520239,"MapUnitRatingString":"28.0000","MapUnitRatingNumeric":28,"RgbString":"#c4fa9e"},{"MapUnitKey":520242,"MapUnitRatingString":"28.0000","MapUnitRatingNumeric":28,"RgbString":"#c4fa9e"},{"MapUnitKey":520244,"MapUnitRatingString":"28.0000","MapUnitRatingNumeric":28,"RgbString":"#c4fa9e"},{"MapUnitKey":520245,"MapUnitRatingString":"28.0000","MapUnitRatingNumeric":28,"RgbString":"#c4fa9e"},{"MapUnitKey":520246,"MapUnitRatingString":"9.0000","MapUnitRatingNumeric":9,"RgbString":"#ff0000"},{"MapUnitKey":520247,"MapUnitRatingString":"9.0000","MapUnitRatingNumeric":9,"RgbString":"#ff0000"},{"MapUnitKey":520251,"MapUnitRatingString":"28.0000","MapUnitRatingNumeric":28,"RgbString":"#c4fa9e"},{"MapUnitKey":520253,"MapUnitRatingString":"28.0000","MapUnitRatingNumeric":28,"RgbString":"#c4fa9e"},{"MapUnitKey":520255,"MapUnitRatingString":"28.0000","MapUnitRatingNumeric":28,"RgbString":"#c4fa9e"},{"MapUnitKey":520256,"MapUnitRatingString":"28.0000","MapUnitRatingNumeric":28,"RgbString":"#c4fa9e"},{"MapUnitKey":520269,"MapUnitRatingString":"9.0000","MapUnitRatingNumeric":9,"RgbString":"#ff0000"},{"MapUnitKey":520281,"MapUnitRatingString":"7.7000","MapUnitRatingNumeric":7.7,"RgbString":"#ff0000"},{"MapUnitKey":520284,"MapUnitRatingString":"","MapUnitRatingNumeric":null,"RgbString":"#dcdcdc"},{"MapUnitKey":520288,"MapUnitRatingString":"2.7000","MapUnitRatingNumeric":2.7,"RgbString":"#ff0000"},{"MapUnitKey":520290,"MapUnitRatingString":"9.0000","MapUnitRatingNumeric":9,"RgbString":"#ff0000"},{"MapUnitKey":520291,"MapUnitRatingString":"9.0000","MapUnitRatingNumeric":9,"RgbString":"#ff0000"},{"MapUnitKey":520292,"MapUnitRatingString":"9.0000","MapUnitRatingNumeric":9,"RgbString":"#ff0000"},{"MapUnitKey":520293,"MapUnitRatingString":"9.0000","MapUnitRatingNumeric":9,"RgbString":"#ff0000"},{"MapUnitKey":520295,"MapUnitRatingString":"9.0000","MapUnitRatingNumeric":9,"RgbString":"#ff0000"},{"MapUnitKey":520296,"MapUnitRatingString":"9.0000","MapUnitRatingNumeric":9,"RgbString":"#ff0000"},{"MapUnitKey":520297,"MapUnitRatingString":"23.0000","MapUnitRatingNumeric":23,"RgbString":"#ffd000"},{"MapUnitKey":520298,"MapUnitRatingString":"23.0000","MapUnitRatingNumeric":23,"RgbString":"#ffd000"},{"MapUnitKey":520300,"MapUnitRatingString":"9.0000","MapUnitRatingNumeric":9,"RgbString":"#ff0000"},{"MapUnitKey":520301,"MapUnitRatingString":"9.0000","MapUnitRatingNumeric":9,"RgbString":"#ff0000"},{"MapUnitKey":520302,"MapUnitRatingString":"9.0000","MapUnitRatingNumeric":9,"RgbString":"#ff0000"},{"MapUnitKey":520303,"MapUnitRatingString":"23.0000","MapUnitRatingNumeric":23,"RgbString":"#ffd000"},{"MapUnitKey":520304,"MapUnitRatingString":"23.0000","MapUnitRatingNumeric":23,"RgbString":"#ffd000"},{"MapUnitKey":520305,"MapUnitRatingString":"23.0000","MapUnitRatingNumeric":23,"RgbString":"#ffd000"},{"MapUnitKey":520306,"MapUnitRatingString":"23.0000","MapUnitRatingNumeric":23,"RgbString":"#ffd000"},{"MapUnitKey":520307,"MapUnitRatingString":"9.0000","MapUnitRatingNumeric":9,"RgbString":"#ff0000"},{"MapUnitKey":520311,"MapUnitRatingString":"9.0000","MapUnitRatingNumeric":9,"RgbString":"#ff0000"},{"MapUnitKey":520316,"MapUnitRatingString":"9.0000","MapUnitRatingNumeric":9,"RgbString":"#ff0000"},{"MapUnitKey":520327,"MapUnitRatingString":"28.0000","MapUnitRatingNumeric":28,"RgbString":"#c4fa9e"},{"MapUnitKey":520330,"MapUnitRatingString":"9.0000","MapUnitRatingNumeric":9,"RgbString":"#ff0000"},{"MapUnitKey":520331,"MapUnitRatingString":"9.0000","MapUnitRatingNumeric":9,"RgbString":"#ff0000"},{"MapUnitKey":520332,"MapUnitRatingString":"9.0000","MapUnitRatingNumeric":9,"RgbString":"#ff0000"},{"MapUnitKey":520334,"MapUnitRatingString":"9.0000","MapUnitRatingNumeric":9,"RgbString":"#ff0000"},{"MapUnitKey":520340,"MapUnitRatingString":"9.0000","MapUnitRatingNumeric":9,"RgbString":"#ff0000"},{"MapUnitKey":520343,"MapUnitRatingString":"9.0000","MapUnitRatingNumeric":9,"RgbString":"#ff0000"},{"MapUnitKey":520344,"MapUnitRatingString":"","MapUnitRatingNumeric":null,"RgbString":"#dcdcdc"},{"MapUnitKey":520349,"MapUnitRatingString":"","MapUnitRatingNumeric":null,"RgbString":"#dcdcdc"},{"MapUnitKey":520352,"MapUnitRatingString":"28.0000","MapUnitRatingNumeric":28,"RgbString":"#c4fa9e"},{"MapUnitKey":520353,"MapUnitRatingString":"28.0000","MapUnitRatingNumeric":28,"RgbString":"#c4fa9e"},{"MapUnitKey":520356,"MapUnitRatingString":"28.0000","MapUnitRatingNumeric":28,"RgbString":"#c4fa9e"},{"MapUnitKey":520358,"MapUnitRatingString":"23.0000","MapUnitRatingNumeric":23,"RgbString":"#ffd000"},{"MapUnitKey":520361,"MapUnitRatingString":"23.0000","MapUnitRatingNumeric":23,"RgbString":"#ffd000"},{"MapUnitKey":520362,"MapUnitRatingString":"9.0000","MapUnitRatingNumeric":9,"RgbString":"#ff0000"},{"MapUnitKey":520367,"MapUnitRatingString":"9.0000","MapUnitRatingNumeric":9,"RgbString":"#ff0000"},{"MapUnitKey":520368,"MapUnitRatingString":"9.0000","MapUnitRatingNumeric":9,"RgbString":"#ff0000"},{"MapUnitKey":520369,"MapUnitRatingString":"9.0000","MapUnitRatingNumeric":9,"RgbString":"#ff0000"},{"MapUnitKey":520385,"MapUnitRatingString":"9.0000","MapUnitRatingNumeric":9,"RgbString":"#ff0000"},{"MapUnitKey":520386,"MapUnitRatingString":"9.0000","MapUnitRatingNumeric":9,"RgbString":"#ff0000"},{"MapUnitKey":520414,"MapUnitRatingString":"23.0000","MapUnitRatingNumeric":23,"RgbString":"#ffd000"},{"MapUnitKey":520430,"MapUnitRatingString":"23.0000","MapUnitRatingNumeric":23,"RgbString":"#ffd000"},{"MapUnitKey":520432,"MapUnitRatingString":"","MapUnitRatingNumeric":null,"RgbString":"#dcdcdc"}]