[{"MapUnitKey":520193,"MapUnitRatingString":"0.10","MapUnitRatingNumeric":0.1,"RgbString":"#ff0000"},{"MapUnitKey":520202,"MapUnitRatingString":"0.10","MapUnitRatingNumeric":0.1,"RgbString":"#ff0000"},{"MapUnitKey":520210,"MapUnitRatingString":"0.13","MapUnitRatingNumeric":0.13,"RgbString":"#ff0000"},{"MapUnitKey":520231,"MapUnitRatingString":"0.22","MapUnitRatingNumeric":0.22,"RgbString":"#0000ff"},{"MapUnitKey":520232,"MapUnitRatingString":"0.22","MapUnitRatingNumeric":0.22,"RgbString":"#0000ff"},{"MapUnitKey":520233,"MapUnitRatingString":"0.22","MapUnitRatingNumeric":0.22,"RgbString":"#0000ff"},{"MapUnitKey":520238,"MapUnitRatingString":"0.10","MapUnitRatingNumeric":0.1,"RgbString":"#ff0000"},{"MapUnitKey":520239,"MapUnitRatingString":"0.10","MapUnitRatingNumeric":0.1,"RgbString":"#ff0000"},{"MapUnitKey":520242,"MapUnitRatingString":"0.20","MapUnitRatingNumeric":0.2,"RgbString":"#4fbbff"},{"MapUnitKey":520244,"MapUnitRatingString":"0.20","MapUnitRatingNumeric":0.2,"RgbString":"#4fbbff"},{"MapUnitKey":520245,"MapUnitRatingString":"0.20","MapUnitRatingNumeric":0.2,"RgbString":"#4fbbff"},{"MapUnitKey":520246,"MapUnitRatingString":"0.15","MapUnitRatingNumeric":0.15,"RgbString":"#ffd000"},{"MapUnitKey":520247,"MapUnitRatingString":"0.15","MapUnitRatingNumeric":0.15,"RgbString":"#ffd000"},{"MapUnitKey":520251,"MapUnitRatingString":"0.16","MapUnitRatingNumeric":0.16,"RgbString":"#ffd000"},{"MapUnitKey":520253,"MapUnitRatingString":"0.16","MapUnitRatingNumeric":0.16,"RgbString":"#ffd000"},{"MapUnitKey":520255,"MapUnitRatingString":"0.16","MapUnitRatingNumeric":0.16,"RgbString":"#ffd000"},{"MapUnitKey":520256,"MapUnitRatingString":"0.16","MapUnitRatingNumeric":0.16,"RgbString":"#ffd000"},{"MapUnitKey":520269,"MapUnitRatingString":"0.17","MapUnitRatingNumeric":0.17,"RgbString":"#c4fa9e"},{"MapUnitKey":520281,"MapUnitRatingString":"0.19","MapUnitRatingNumeric":0.19,"RgbString":"#4fbbff"},{"MapUnitKey":520284,"MapUnitRatingString":"","MapUnitRatingNumeric":null,"RgbString":"#dcdcdc"},{"MapUnitKey":520288,"MapUnitRatingString":"0.21","MapUnitRatingNumeric":0.21,"RgbString":"#0000ff"},{"MapUnitKey":520290,"MapUnitRatingString":"0.19","MapUnitRatingNumeric":0.19,"RgbString":"#4fbbff"},{"MapUnitKey":520291,"MapUnitRatingString":"0.19","MapUnitRatingNumeric":0.19,"RgbString":"#4fbbff"},{"MapUnitKey":520292,"MapUnitRatingString":"0.19","MapUnitRatingNumeric":0.19,"RgbString":"#4fbbff"},{"MapUnitKey":520293,"MapUnitRatingString":"0.19","MapUnitRatingNumeric":0.19,"RgbString":"#4fbbff"},{"MapUnitKey":520295,"MapUnitRatingString":"0.19","MapUnitRatingNumeric":0.19,"RgbString":"#4fbbff"},{"MapUnitKey":520296,"MapUnitRatingString":"0.19","MapUnitRatingNumeric":0.19,"RgbString":"#4fbbff"},{"MapUnitKey":520297,"MapUnitRatingString":"0.16","MapUnitRatingNumeric":0.16,"RgbString":"#ffd000"},{"MapUnitKey":520298,"MapUnitRatingString":"0.16","MapUnitRatingNumeric":0.16,"RgbString":"#ffd000"},{"MapUnitKey":520300,"MapUnitRatingString":"0.18","MapUnitRatingNumeric":0.18,"RgbString":"#c4fa9e"},{"MapUnitKey":520301,"MapUnitRatingString":"0.18","MapUnitRatingNumeric":0.18,"RgbString":"#c4fa9e"},{"MapUnitKey":520302,"MapUnitRatingString":"0.18","MapUnitRatingNumeric":0.18,"RgbString":"#c4fa9e"},{"MapUnitKey":520303,"MapUnitRatingString":"0.15","MapUnitRatingNumeric":0.15,"RgbString":"#ffd000"},{"MapUnitKey":520304,"MapUnitRatingString":"0.15","MapUnitRatingNumeric":0.15,"RgbString":"#ffd000"},{"MapUnitKey":520305,"MapUnitRatingString":"0.18","MapUnitRatingNumeric":0.18,"RgbString":"#c4fa9e"},{"MapUnitKey":520306,"MapUnitRatingString":"0.18","MapUnitRatingNumeric":0.18,"RgbString":"#c4fa9e"},{"MapUnitKey":520307,"MapUnitRatingString":"0.19","MapUnitRatingNumeric":0.19,"RgbString":"#4fbbff"},{"MapUnitKey":520311,"MapUnitRatingString":"0.19","MapUnitRatingNumeric":0.19,"RgbString":"#4fbbff"},{"MapUnitKey":520316,"MapUnitRatingString":"0.19","MapUnitRatingNumeric":0.19,"RgbString":"#4fbbff"},{"MapUnitKey":520327,"MapUnitRatingString":"0.16","MapUnitRatingNumeric":0.16,"RgbString":"#ffd000"},{"MapUnitKey":520330,"MapUnitRatingString":"0.15","MapUnitRatingNumeric":0.15,"RgbString":"#ffd000"},{"MapUnitKey":520331,"MapUnitRatingString":"0.15","MapUnitRatingNumeric":0.15,"RgbString":"#ffd000"},{"MapUnitKey":520332,"MapUnitRatingString":"0.15","MapUnitRatingNumeric":0.15,"RgbString":"#ffd000"},{"MapUnitKey":520334,"MapUnitRatingString":"0.18","MapUnitRatingNumeric":0.18,"RgbString":"#c4fa9e"},{"MapUnitKey":520340,"MapUnitRatingString":"0.19","MapUnitRatingNumeric":0.19,"RgbString":"#4fbbff"},{"MapUnitKey":520343,"MapUnitRatingString":"0.19","MapUnitRatingNumeric":0.19,"RgbString":"#4fbbff"},{"MapUnitKey":520344,"MapUnitRatingString":"","MapUnitRatingNumeric":null,"RgbString":"#dcdcdc"},{"MapUnitKey":520349,"MapUnitRatingString":"","MapUnitRatingNumeric":null,"RgbString":"#dcdcdc"},{"MapUnitKey":520352,"MapUnitRatingString":"0.11","MapUnitRatingNumeric":0.11,"RgbString":"#ff0000"},{"MapUnitKey":520353,"MapUnitRatingString":"0.11","MapUnitRatingNumeric":0.11,"RgbString":"#ff0000"},{"MapUnitKey":520356,"MapUnitRatingString":"0.11","MapUnitRatingNumeric":0.11,"RgbString":"#ff0000"},{"MapUnitKey":520358,"MapUnitRatingString":"0.15","MapUnitRatingNumeric":0.15,"RgbString":"#ffd000"},{"MapUnitKey":520361,"MapUnitRatingString":"0.15","MapUnitRatingNumeric":0.15,"RgbString":"#ffd000"},{"MapUnitKey":520362,"MapUnitRatingString":"0.17","MapUnitRatingNumeric":0.17,"RgbString":"#c4fa9e"},{"MapUnitKey":520367,"MapUnitRatingString":"0.12","MapUnitRatingNumeric":0.12,"RgbString":"#ff0000"},{"MapUnitKey":520368,"MapUnitRatingString":"0.12","MapUnitRatingNumeric":0.12,"RgbString":"#ff0000"},{"MapUnitKey":520369,"MapUnitRatingString":"0.12","MapUnitRatingNumeric":0.12,"RgbString":"#ff0000"},{"MapUnitKey":520385,"MapUnitRatingString":"0.12","MapUnitRatingNumeric":0.12,"RgbString":"#ff0000"},{"MapUnitKey":520386,"MapUnitRatingString":"0.12","MapUnitRatingNumeric":0.12,"RgbString":"#ff0000"},{"MapUnitKey":520414,"MapUnitRatingString":"0.17","MapUnitRatingNumeric":0.17,"RgbString":"#c4fa9e"},{"MapUnitKey":520430,"MapUnitRatingString":"0.16","MapUnitRatingNumeric":0.16,"RgbString":"#ffd000"},{"MapUnitKey":520432,"MapUnitRatingString":"","MapUnitRatingNumeric":null,"RgbString":"#dcdcdc"}]